3780351 ; 2.34
3780352 ; 4.34
3780354 ; 7.39
3780355 ; 3.5
3780356 ; 2.44
3780358 ; 1.49
3780359 ; 1.18
3780360 ; 1.0
3780361 ; 1.64
3780362 ; 6.65
3780363 ; 1.34
3780364 ; 3.06
3780365 ; 21.78
3780367 ; 1.78
3780368 ; 1.31
3780369 ; 1.0
3780370 ; 1.75
3780371 ; 1.0
3780372 ; 1.24
3780373 ; 3.64
3780374 ; 21.73
3780376 ; 1.67
3780377 ; 2.7
3780378 ; 2.88
3780379 ; 2.28
3780380 ; 1.2
3780381 ; 1.03
3780382 ; 1.0
3780384 ; 3.33
3780385 ; 1.22
3780387 ; 5.58
3780389 ; 2.47
3780390 ; 1.11
3780391 ; 10.71
3780392 ; 1.01
3780393 ; 3.37
3780394 ; 1.77
3780395 ; 4.88
3780398 ; 2.49
3780400 ; 1.0
3780401 ; 3.66
3780402 ; 2.91
3780403 ; 1.63
3780404 ; 1.86
3780405 ; 2.7
3780406 ; 1.44
3780407 ; 1.01
3780408 ; 1.05
3780409 ; 1.91
3780410 ; 2.35
3780411 ; 1.22
3780412 ; 1.0
3780416 ; 1.95
3780417 ; 1.01
3780418 ; 1.52
3780420 ; 1.02
3780421 ; 2.6
3780422 ; 1.23
3780423 ; 4.66
3780424 ; 1.69
3780425 ; 24.89
3780426 ; 1.1
3780427 ; 1.0
3780428 ; 13.49
3780429 ; 2.39
3780430 ; 1.55
3780431 ; 2.78
3780432 ; 1.01
3780433 ; 1.2
3780434 ; 1.27
3780435 ; 1.02
3780436 ; 2.47
3780437 ; 1.0
3780438 ; 1.25
3780439 ; 1.0
3780440 ; 13.39
3780441 ; 1.49
3780442 ; 1.15
3780443 ; 1.91
3780444 ; 2.52
3780445 ; 1.0
3780446 ; 1.43
3780447 ; 3.04
3780448 ; 4.97
3780449 ; 1.43
3780450 ; 2.29
3780451 ; 6.73
3780453 ; 1.62
3780454 ; 2.81
3780455 ; 1.0
3780456 ; 3.13
3780458 ; 3.79
3780459 ; 8.08
3780460 ; 1.25
3780461 ; 4.9
3780462 ; 1.44
3780463 ; 1.0
3780464 ; 3.55
3780465 ; 2.56
3780466 ; 1.62
3780469 ; 3.0
3780470 ; 1.0
3780471 ; 1.98
3780472 ; 2.38
3780473 ; 4.76
3780474 ; 1.73
3780475 ; 1.41
3780476 ; 3.06
3780477 ; 1.65
3780478 ; 1.11
3780479 ; 6.6
3780480 ; 2.72
3780481 ; 4.71
3780482 ; 2.66
3780483 ; 1.57
3780484 ; 1.07
3780485 ; 4.46
3780486 ; 21.22
3780487 ; 3.63
3780488 ; 3.49
3780489 ; 1.52
3780491 ; 5.5
3780492 ; 1.43
3780493 ; 1.35
3780494 ; 2.85
3780495 ; 1.69
3780496 ; 1.35
3780497 ; 1.85
3780498 ; 2.96
3780499 ; 1.53
3780500 ; 1.32
3780501 ; 5.23
3780502 ; 3.23
3780503 ; 1.54
3780504 ; 1.57
3780505 ; 1.66
3780506 ; 4.88
3780508 ; 1.0
3780509 ; 1.38
3780511 ; 1.0
3780513 ; 1.39
3780514 ; 2.24
3780516 ; 8.64
3780517 ; 1.01
3780518 ; 3.12
3780519 ; 2.54
3780520 ; 1.0
3780521 ; 1.03
3780522 ; 10.71
3780524 ; 1.42
3780525 ; 2.68
3780526 ; 1.55
3780527 ; 3.14
3780528 ; 3.31
3780529 ; 1.02
3780530 ; 1.09
3780531 ; 1.25
3780532 ; 2.88
3780533 ; 1.14
3780534 ; 1.33
3780535 ; 3.1
3780536 ; 2.5
3780537 ; 1.07
3780538 ; 37.7
3780539 ; 4.43
3780540 ; 1.3
3780541 ; 26.03
3780542 ; 6.83
3780543 ; 1.01
3780545 ; 2.79
3780546 ; 1.61
3780547 ; 1.97
3780549 ; 1.27
3780550 ; 1.56
3780551 ; 3.44
3780553 ; 2.81
3780554 ; 5.75
3780555 ; 1.15
3780556 ; 1.66
3780557 ; 28.79
3780558 ; 2.76
3780559 ; 1.09
3780561 ; 2.57
3780563 ; 2.43
3780731 ; 2.97
3780732 ; 7.38
3780734 ; 1.0
3780736 ; 1.35
3780738 ; 5.05
3780739 ; 2.9
3780740 ; 1.33
3780794 ; 12.25
3780795 ; 3.13
3780796 ; 10.03
3780797 ; 1.0
3780798 ; 1.09
3780799 ; 1.17
3780800 ; 15.1
3780801 ; 1.11
3780802 ; 1.02
3780803 ; 2.12
3780804 ; 7.92
3780805 ; 1.0
3780806 ; 2.5
3780807 ; 1.18
3780808 ; 2.05
3780809 ; 5.52
3780810 ; 1.1
3780811 ; 5.74
3780812 ; 5.77
3780813 ; 2.46
3780814 ; 14.91
3780815 ; 4.49
3780816 ; 2.45
3780817 ; 11.8
3780818 ; 8.52
3780819 ; 19.81
3780820 ; 2.32
3780821 ; 33.36
3780822 ; 3.29
3780823 ; 1.22
3780824 ; 2.08
3780825 ; 1.15
3780826 ; 1.2
3780827 ; 1.0
3780828 ; 124.54
3780829 ; 3.21
3780830 ; 2.79
3780832 ; 1.21
3780834 ; 2.39
3780835 ; 2.47
3780836 ; 1.64
3780837 ; 1.02
3780838 ; 1.56
3780839 ; 2.76
3780840 ; 1.57
3780841 ; 14.43
3780842 ; 1.0
3780843 ; 1.21
3780844 ; 2.06
3780845 ; 4.83
3780846 ; 1.72
3780847 ; 1.91
3780848 ; 3.24
3780849 ; 3.14
3780850 ; 2.88
3780851 ; 6.05
3780853 ; 1.22
3780854 ; 1.07
3780855 ; 2.73
3780856 ; 1.73
3780857 ; 1.56
3780858 ; 5.15
3780859 ; 3.02
3780860 ; 33.79
3780862 ; 1.32
3780863 ; 5.35
3780864 ; 3.3
3780865 ; 5.62
3780866 ; 2.95
3780867 ; 1.35
3780868 ; 2.12
3780869 ; 2.95
3780871 ; 9.23
3780872 ; 1.5
3780873 ; 1.03
3780874 ; 1.97
3780875 ; 2.2
3780877 ; 10.02
3780878 ; 1.32
3780879 ; 2.22
3780880 ; 1.93
3780881 ; 3.91
3780882 ; 1.25
3780883 ; 3.73
3780884 ; 1.28
3780885 ; 2.5
3780886 ; 2.03
3780887 ; 1.0
3780888 ; 2.53
3780889 ; 1.54
3780891 ; 1.0
3780892 ; 1.59
3780893 ; 1.4
3780894 ; 1.09
3780896 ; 1.18
3780897 ; 1.0
3780898 ; 1.39
3780899 ; 2.4
3780900 ; 1.27
3780901 ; 1.0
3780903 ; 1.68
3780904 ; 1.69
3780906 ; 1.0
3780909 ; 1.27
3780910 ; 2.95
3780911 ; 1.24
3780912 ; 27.51
3780914 ; 2.48
3780917 ; 7.34
3780918 ; 1.86
3780919 ; 1.31
3780920 ; 3.18
3780921 ; 3.89
3780922 ; 1.0
3780923 ; 1.73
3780924 ; 58.92
3780925 ; 5.55
3780926 ; 1.0
3780927 ; 1.15
3780928 ; 4.51
3780930 ; 1.17
3780931 ; 1.8
3780932 ; 1.0
3780933 ; 13.69
3780934 ; 1.32
3780935 ; 2.7
3780937 ; 2.16
3780938 ; 2.28
3780939 ; 1.3
3780940 ; 1.84
3780942 ; 1.0
3780943 ; 1.04
3780944 ; 2.79
3780945 ; 2.42
3780946 ; 15.42
3780947 ; 1.36
3780949 ; 3.15
3780950 ; 1.03
3780951 ; 2.38
3780952 ; 1.0
3780953 ; 22.45
3780954 ; 1.86
3780955 ; 1.06
3780956 ; 1.0
3780957 ; 1.15
3780958 ; 3.85
3780959 ; 1.62
3780960 ; 11.55
3780961 ; 11.83
3780962 ; 6.31
3780963 ; 1.0
3780964 ; 1.36
3780965 ; 1.0
3780966 ; 1.1
3780967 ; 1.03
3780968 ; 2.82
3780969 ; 1.51
3780970 ; 1.0
3780971 ; 1.15
3780972 ; 3.23
3780973 ; 2.45
3780974 ; 1.66
3780975 ; 6.16
3780976 ; 1.38
3780978 ; 2.11
3780979 ; 1.05
3780980 ; 2.47
3780981 ; 2.21
3780982 ; 1.24
3780983 ; 1.75
3780984 ; 4.03
3780985 ; 2.23
3780987 ; 24.89
3780988 ; 1.09
3780990 ; 1.63
3780991 ; 4.45
3780992 ; 17.01
3780993 ; 1.01
3780994 ; 10.56
3780995 ; 103.44
3780996 ; 2.66
3780998 ; 2.14
3780999 ; 1.01
3781000 ; 136.96
3781001 ; 1.22
3781002 ; 33.79
3781003 ; 1.84
3781004 ; 2.85
3781005 ; 1.56
3781006 ; 1.0
3781007 ; 1.11
3781008 ; 1.44
3781009 ; 3.61
3781010 ; 1.79
3781011 ; 2.7
3781012 ; 1.13
3781013 ; 1.37
3781014 ; 2.25
3781015 ; 11.32
3781016 ; 3.71
3781018 ; 2.64
3781019 ; 1.0
3781021 ; 1.83
3781022 ; 1.58
3781023 ; 1.47
3781024 ; 1.0
3781025 ; 1.07
3781026 ; 1.01
3781027 ; 2.15
3781028 ; 2.33
3781029 ; 1.04
3781030 ; 1.67
3781032 ; 1.0
3781033 ; 8.46
3781035 ; 1.5
3781037 ; 137.53
3781038 ; 2.76
3781039 ; 1.56
3781041 ; 1.85
3781043 ; 1.4
3781044 ; 12.83
3781045 ; 1.53
3781046 ; 1.0
3781048 ; 1.45
3781049 ; 2.11
3781050 ; 1.82
3781051 ; 5.03
3781052 ; 1.66
3781053 ; 2.1
3781054 ; 2.34
3781055 ; 2.66
3781056 ; 1.11
3781058 ; 1.61
3781059 ; 15.81
3781060 ; 1.17
3781061 ; 4.26
3781062 ; 1.0
3781065 ; 1.4
3781066 ; 1.19
3781067 ; 3.99
3781068 ; 2.4
3781069 ; 2.42
3781070 ; 5.91
3781071 ; 2.04
3781073 ; 1.65
3781074 ; 1.08
3781075 ; 1.33
3781076 ; 1.35
3781077 ; 2.38
3781078 ; 4.77
3781079 ; 2.37
3781080 ; 1.83
3781081 ; 7.63
3781082 ; 1.15
3781083 ; 2.56
3781084 ; 2.2
3781085 ; 1.22
3781086 ; 6.46
3781087 ; 1.53
3781088 ; 3.16
3781089 ; 1.65
3781090 ; 3.19
3781091 ; 2.58
3781092 ; 1.83
3781093 ; 1.16
3781094 ; 18.24
3781096 ; 1.41
3781097 ; 2.47
3781098 ; 1.39
3781099 ; 3.79
3781100 ; 2.04
3781101 ; 6.34
3781102 ; 1.5
3781103 ; 1.23
3781104 ; 1.37
3781105 ; 1.06
3781106 ; 2.25
3781109 ; 1.52
3781110 ; 3.56
3781113 ; 1.59
3781114 ; 1.63
3781115 ; 1.28
3781116 ; 1.15
3781117 ; 4.18
3781118 ; 1.15
3781119 ; 1.89
3781120 ; 1.38
3781121 ; 134.21
3781122 ; 5.65
3781124 ; 1.26
3781125 ; 1.54
3781126 ; 1.32
3781127 ; 7.21
3781128 ; 1.34
3781129 ; 4.61
3781130 ; 5.27
3781131 ; 1.0
3781132 ; 3.26
3781133 ; 1.84
3781134 ; 4.27
3781135 ; 3.62
3781136 ; 2.18
3781137 ; 1.44
3781138 ; 1.18
3781140 ; 1.21
3781141 ; 1.25
3781142 ; 2.04
3781143 ; 2.33
3781144 ; 1.3
3781145 ; 1.49
3781146 ; 3.42
3781147 ; 1.0
3781148 ; 1.53
3781149 ; 2.25
3781150 ; 1.98
3781151 ; 3.77
3781152 ; 2.3
3781153 ; 1.22
3781154 ; 2.16
3781157 ; 1.06
3781158 ; 1.42
3781159 ; 1.02
3781160 ; 2.72
3781161 ; 1.9
3781162 ; 1.29
3781163 ; 3.33
3781164 ; 1.28
3781165 ; 1.0
3781168 ; 1.77
3781169 ; 2.56
3781171 ; 1.69
3781172 ; 30.85
3781173 ; 2.59
3781174 ; 1.87
3781175 ; 1.71
3781176 ; 1.04
3781177 ; 1.85
3781178 ; 12.58
3781179 ; 6.26
3781180 ; 1.31
3781181 ; 2.05
3781182 ; 74.79
3781183 ; 1.21
3781184 ; 1.43
3781185 ; 3.5
3781186 ; 1.0
3781187 ; 1.32
3781188 ; 15.17
3781189 ; 1.22
3781190 ; 1.0
3781191 ; 1.9
3781193 ; 184.04
3781195 ; 15.93
3781196 ; 1.35
3781197 ; 185.35
3781198 ; 1.06
3781199 ; 1.35
3781201 ; 2.72
3781202 ; 10.99
3781203 ; 5.44
3781204 ; 2.02
3781205 ; 3.5
3781206 ; 8.99
3781207 ; 1.68
3781208 ; 4.15
3781209 ; 1.19
3781210 ; 2.56
3781211 ; 2.44
3781212 ; 1.18
3781213 ; 2.4
3781214 ; 1.63
3781215 ; 23.26
3781216 ; 2.59
3781217 ; 3.4
3781219 ; 1.01
3781220 ; 1.0
3781221 ; 1.2
3781223 ; 1.7
3781224 ; 2.58
3781225 ; 3.62
3781226 ; 4.23
3781227 ; 2.18
3781230 ; 1.9
3781231 ; 12.86
3781232 ; 1.33
3781233 ; 2.02
3781234 ; 3.85
3781235 ; 55.41
3781236 ; 1.0
3781238 ; 8.88
3781240 ; 1.0
3781243 ; 6.22
3781244 ; 1.61
3781245 ; 1.0
3781246 ; 2.22
3781247 ; 1.0
3781248 ; 1.01
3781249 ; 39.92
3781250 ; 2.91
3781251 ; 1.0
3781252 ; 1.91
3781253 ; 1.63
3781254 ; 1.0
3781255 ; 1.2
3781256 ; 1.44
3781257 ; 5.31
3781258 ; 3.38
3781259 ; 1.42
3781260 ; 3.02
3781261 ; 1.31
3781262 ; 1.16
3781263 ; 1.25
3781264 ; 1.69
3781265 ; 1.21
3781266 ; 1.67
3781268 ; 3.65
3781269 ; 1.0
3781270 ; 5.1
3781272 ; 1.05
3781273 ; 4.18
3781274 ; 2.38
3781275 ; 1.18
3781276 ; 1.0
3781277 ; 2.47
3781278 ; 2.06
3781279 ; 2.15
3781280 ; 14.76
3781282 ; 2.02
3781283 ; 4.48
3781284 ; 2.71
3781286 ; 4.59
3781287 ; 1.14
3781288 ; 1.0
3781289 ; 2.64
3781290 ; 3.78
3781291 ; 4.01
3781292 ; 1.0
3781293 ; 2.57
3781294 ; 3.12
3781297 ; 7.92
3781298 ; 1.18
3781299 ; 1.73
3781300 ; 1.0
3781301 ; 6.51
3781302 ; 1.55
3781303 ; 1.43
3781304 ; 2.74
3781305 ; 2.02
3781306 ; 1.39
3781307 ; 2.52
3781308 ; 1.74
3781309 ; 4.88
3781311 ; 1.78
3781312 ; 3.84
3781313 ; 1.0
3781314 ; 3.49
3781315 ; 1.09
3781316 ; 2.85
3781317 ; 1.0
3781318 ; 1.05
3781319 ; 2.74
3781320 ; 2.15
3781321 ; 2.65
3781323 ; 2.8
3781324 ; 3.75
3781325 ; 1.65
3781326 ; 2.39
3781327 ; 1.54
3781328 ; 1.19
3781329 ; 3.21
3781330 ; 7.52
3781331 ; 1.0
3781332 ; 1.1
3781333 ; 1.02
3781334 ; 1.18
3781335 ; 1.75
3781336 ; 2.48
3781339 ; 89.51
3781341 ; 1.35
3781342 ; 1.17
3781343 ; 1.94
3781344 ; 1.89
3781345 ; 1.2
3781346 ; 1.21
3781347 ; 2.76
3781348 ; 3.12
3781349 ; 9.98
3781350 ; 1.79
3781351 ; 1.42
3781354 ; 1.0
3781355 ; 3.95
3781356 ; 1.64
3781359 ; 1.23
3781360 ; 6.82
3781361 ; 1.0
3781362 ; 10.64
3781363 ; 2.67
3781364 ; 2.59
3781365 ; 1.03
3781366 ; 1.11
3781367 ; 1.36
3781368 ; 1.0
3781369 ; 1.87
3781370 ; 1.07
3781371 ; 194.39
3781372 ; 1.83
3781373 ; 1.13
3781374 ; 1.14
3781375 ; 1.21
3781376 ; 7.51
3781377 ; 1.86
3781378 ; 1.3
3781379 ; 8.41
3781380 ; 1.0
3781381 ; 1.56
3781382 ; 2.01
3781383 ; 2.23
3781384 ; 1.07
3781386 ; 1.12
3781387 ; 1.8
3781388 ; 4.34
3781389 ; 1.16
3781390 ; 2.33
3781391 ; 2.18
3781392 ; 1.27
3781393 ; 1.0
3781394 ; 1.19
3781395 ; 7.27
3781397 ; 3.22
3781398 ; 1.0
3781399 ; 1.06
3781400 ; 1.0
3781402 ; 17.74
3781403 ; 1.0
3781404 ; 1.04
3781405 ; 1.11
3781406 ; 1.0
3781408 ; 1.06
3781409 ; 1.35
3781410 ; 4.91
3781411 ; 4.69
3781412 ; 18.73
3781413 ; 4.02
3781414 ; 1.97
3781415 ; 1.65
3781416 ; 1.0
3781417 ; 3.15
3781418 ; 9.28
3781419 ; 1.11
3781422 ; 12.41
3781423 ; 1.0
3781424 ; 1.55
3781426 ; 1.99
3781427 ; 2.37
3781428 ; 3.42
3781429 ; 1.69
3781430 ; 1.01
3781431 ; 1.1
3781432 ; 1.0
3781433 ; 1.01
3781434 ; 70.09
3781435 ; 2.04
3781436 ; 1.0
3781437 ; 1.11
3781438 ; 1.14
3781439 ; 2.94
3781440 ; 7.04
3781441 ; 1.14
3781442 ; 1.46
3781443 ; 1.0
3781444 ; 3.54
3781445 ; 1.5
3781446 ; 1.19
3781447 ; 2.53
3781448 ; 50.11
3781449 ; 1.17
3781450 ; 1.0
3781451 ; 1.04
3781453 ; 2.68
3781454 ; 1.03
3781456 ; 9.04
3781457 ; 1.58
3781458 ; 1.0
3781461 ; 1.22
3781462 ; 1.41
3781463 ; 1.05
3781464 ; 1.14
3781466 ; 1.0
3781467 ; 1.38
3781468 ; 1.31
3781469 ; 1.21
3781470 ; 14.07
3781471 ; 1.54
3781473 ; 5.1
3781475 ; 1.41
3781476 ; 1.37
3781477 ; 6.74
3781479 ; 4.73
3781480 ; 2.73
3781481 ; 2.98
3781483 ; 1.03
3781484 ; 2.21
3781485 ; 1.15
3781486 ; 1.98
3781487 ; 1.12
3781488 ; 1.02
3781489 ; 1.73
3781490 ; 1.0
3781492 ; 1.48
3781495 ; 2.0
3781496 ; 2.59
3781497 ; 2.85
3781498 ; 1.49
3781499 ; 1.0
3781500 ; 2.35
3781501 ; 1.0
3781503 ; 1.61
3781504 ; 1.0
3781505 ; 1.08
3781506 ; 4.11
3781507 ; 11.81
3781508 ; 1.48
3781509 ; 1.0
3781511 ; 3.32
3781512 ; 1.0
3781514 ; 2.49
3781515 ; 2.58
3781516 ; 1.31
3781518 ; 1.29
3781519 ; 1.1
3781520 ; 2.53
3781521 ; 3.12
3781522 ; 2.79
3781523 ; 1.0
3781524 ; 1.87
3781525 ; 1.86
3781526 ; 1.0
3781527 ; 1.3
3781528 ; 1.86
3781529 ; 1.14
3781531 ; 2.45
3781532 ; 2.97
3781533 ; 2.19
3781534 ; 1.0
3781535 ; 1.47
3781537 ; 4.09
3781538 ; 1.02
3781539 ; 16.47
3781540 ; 1.96
3781541 ; 1.0
3781542 ; 13.02
3781543 ; 1.19
3781544 ; 1.01
3781545 ; 1.0
3781547 ; 7.53
3781548 ; 1.0
3781550 ; 2.08
3781551 ; 4.06
3781552 ; 1.06
3781554 ; 3.49
3781555 ; 1.55
3781557 ; 1.18
3781558 ; 3.34
3781559 ; 1.28
3781561 ; 1.57
3781562 ; 5.61
3781564 ; 1.03
3781565 ; 1.0
3781567 ; 1.52
3781568 ; 1.0
3781569 ; 1.87
3781570 ; 177.77
3781571 ; 2.39
3781572 ; 8.5
3781573 ; 58.58
3781574 ; 1.54
3781575 ; 1.14
3781577 ; 1.67
3781578 ; 1.0
3781579 ; 1.03
3781580 ; 2.37
3781581 ; 1.97
3781582 ; 4.31
3781583 ; 1.71
3781584 ; 3.5
3781585 ; 1.8
3781586 ; 1.91
3781587 ; 2.94
3781588 ; 1.09
3781590 ; 9.26
3781591 ; 1.6
3781592 ; 2.42
3781593 ; 1.0
3781595 ; 1.35
3781596 ; 1.05
3781598 ; 3.73
3781599 ; 2.37
3781600 ; 1.49
3781601 ; 1.05
3781602 ; 1.27
3781603 ; 1.39
3781604 ; 64.05
3781605 ; 2.26
3781606 ; 8.28
3781607 ; 62.42
3781609 ; 1.63
3781610 ; 2.45
3781612 ; 2.99
3781613 ; 1.44
3781615 ; 1.33
3781616 ; 2.29
3781617 ; 1.04
3781618 ; 1.54
3781619 ; 2.05
3781620 ; 14.75
3781622 ; 1.38
3781623 ; 2.49
3781624 ; 1.77
3781625 ; 2.02
3781626 ; 1.66
3781627 ; 3.57
3781628 ; 29.53
3781629 ; 2.89
3781630 ; 1.43
3781631 ; 10.35
3781633 ; 1.59
3781634 ; 1.4
3781636 ; 1.78
3781637 ; 3.03
3781639 ; 1.0
3781641 ; 2.82
3781642 ; 2.85
3781643 ; 4.03
3781644 ; 1.24
3781645 ; 1.0
3781646 ; 1.77
3781647 ; 6.99
3781649 ; 2.15
3781650 ; 1.57
3781651 ; 9.51
3781652 ; 7.7
3781654 ; 4.71
3781655 ; 1.94
3781657 ; 2.36
3781658 ; 2.41
3781659 ; 1.14
3781660 ; 2.15
3781661 ; 1.64
3781662 ; 1.73
3781663 ; 1.74
3781664 ; 1.06
3781665 ; 3.89
3781666 ; 4.2
3781668 ; 1.56
3781669 ; 1.13
3781670 ; 3.81
3781672 ; 1.05
3781673 ; 1.0
3781674 ; 5.06
3781675 ; 1.74
3781676 ; 1.02
3781677 ; 1.55
3781678 ; 2.72
3781679 ; 1.16
3781680 ; 4.95
3781681 ; 1.44
3781682 ; 1.06
3781683 ; 1.0
3781684 ; 13.43
3781685 ; 2.68
3781686 ; 1.0
3781687 ; 1.08
3781688 ; 1.18
3781689 ; 1.0
3781691 ; 2.03
3781692 ; 1.43
3781693 ; 3.68
3781694 ; 1.44
3781696 ; 4.87
3781697 ; 1.82
3781698 ; 1.24
3781700 ; 1.0
3781701 ; 1.71
3781702 ; 4.61
3781703 ; 1.0
3781704 ; 15.86
3781705 ; 4.32
3781706 ; 7.59
3781707 ; 1.12
3781708 ; 1.87
3781709 ; 2.53
3781710 ; 1.0
3781711 ; 5.0
3781712 ; 6.16
3781713 ; 5.69
3781714 ; 1.0
3781715 ; 2.35
3781717 ; 1.35
3781718 ; 1.12
3781720 ; 3.62
3781721 ; 1.02
3781722 ; 1.29
3781723 ; 1.12
3781724 ; 1.0
3781725 ; 3.16
3781726 ; 1.76
3781727 ; 2.34
3781728 ; 1.58
3781729 ; 1.94
3781730 ; 2.01
3781731 ; 6.13
3781732 ; 2.13
3781733 ; 1.11
3781735 ; 2.05
3781736 ; 7.64
3781737 ; 8.5
3781738 ; 1.23
3781739 ; 1.81
3781740 ; 1.25
3781742 ; 1.94
3781743 ; 1.5
3781745 ; 1.17
3781746 ; 9.77
3781747 ; 1.04
3781748 ; 1.09
3781749 ; 56.85
3781750 ; 1.7
3781751 ; 1.23
3781752 ; 2.41
3781753 ; 1.19
3781754 ; 1.0
3781755 ; 1.98
3781756 ; 8.69
3781757 ; 1.3
3781758 ; 2.23
3781761 ; 4.0
3781762 ; 1.32
3781763 ; 1.59
3781764 ; 1.19
3781765 ; 2.27
3781767 ; 2.15
3781768 ; 1.91
3781769 ; 3.01
3781770 ; 1.09
3781771 ; 7.98
3781773 ; 1.0
3781775 ; 1.63
3781776 ; 1.0
3781777 ; 1.36
3781778 ; 6.21
3781779 ; 1.0
3781782 ; 1.01
3781783 ; 8.65
3781784 ; 1.26
3781786 ; 1.74
3781787 ; 1.96
3781789 ; 5.41
3781790 ; 4.71
3781791 ; 3.85
3781792 ; 2.67
3781793 ; 1.19
3781794 ; 2.09
3781795 ; 3.14
3781796 ; 2.11
3781797 ; 1.56
3781798 ; 1.0
3781799 ; 7.51
3781800 ; 1.26
3781801 ; 3.3
3781802 ; 2.97
3781803 ; 1.08
3781804 ; 1.04
3781805 ; 3.36
3781807 ; 1.26
3781808 ; 5.27
3781809 ; 1.75
3781811 ; 3.69
3781812 ; 1.96
3781813 ; 1.93
3781814 ; 1.38
3781815 ; 1.71
3781816 ; 9.2
3781817 ; 3.6
3781818 ; 2.87
3781820 ; 1.51
3781821 ; 2.87
3781823 ; 1.55
3781824 ; 57.78
3781825 ; 1.65
3781826 ; 70.12
3781827 ; 2.24
3781828 ; 8.47
3781830 ; 1.0
3781831 ; 1.1
3781832 ; 1.59
3781833 ; 1.26
3781834 ; 1.72
3781836 ; 8.23
3781837 ; 1.0
3781839 ; 3.01
3781840 ; 2.3
3781841 ; 8.16
3781842 ; 1.43
3781843 ; 1.0
3781844 ; 1.13
3781845 ; 1.18
3781847 ; 1.43
3781848 ; 1.41
3781849 ; 1.92
3781851 ; 6.13
3781852 ; 1.08
3781853 ; 3.11
3781854 ; 1.06
3781855 ; 1.03
3781856 ; 1.34
3781857 ; 1.0
3781859 ; 3.15
3781860 ; 2.19
3781862 ; 14.85
3781863 ; 1.41
3781864 ; 3.12
3781866 ; 1.31
3781867 ; 1.11
3781868 ; 7.45
3781870 ; 1.02
3781871 ; 4.48
3781872 ; 1.01
3781874 ; 1.59
3781875 ; 3.08
3781876 ; 1.26
3781877 ; 1.0
3781878 ; 1.47
3781879 ; 11.92
3781880 ; 2.72
3781881 ; 1.08
3781882 ; 4.48
3781883 ; 1.52
3781884 ; 1.58
3781885 ; 1.0
3781886 ; 24.3
3781887 ; 1.07
3781889 ; 1.4
3781890 ; 2.48
3781891 ; 1.17
3781892 ; 2.27
3781893 ; 2.26
3781894 ; 1.25
3781895 ; 8.34
3781896 ; 2.23
3781897 ; 1.08
3781898 ; 5.79
3781899 ; 1.0
3781900 ; 3.99
3781901 ; 2.59
3781902 ; 1.0
3781903 ; 13.93
3781905 ; 3.33
3781906 ; 2.01
3781907 ; 20.55
3781909 ; 1.8
3781910 ; 1.58
3781911 ; 1.99
3781912 ; 2.39
3781913 ; 3.96
3781914 ; 5.3
3781915 ; 1.67
3781916 ; 1.38
3781917 ; 1.37
3781918 ; 1.4
3781919 ; 1.06
3781920 ; 3.1
3781921 ; 1.97
3781922 ; 1.02
3781926 ; 1.22
3781927 ; 2.61
3781929 ; 1.27
3781930 ; 1.76
3781931 ; 7.12
3781932 ; 2.24
3781933 ; 1.02
3781934 ; 1.12
3781935 ; 20.79
3781936 ; 1.77
3781937 ; 1.0
3781938 ; 1.05
3781939 ; 1.29
3781940 ; 2.4
3781941 ; 2.34
3781943 ; 1.25
3781945 ; 1.43
3781946 ; 1.1
3781947 ; 2.89
3781948 ; 1.26
3781949 ; 2.29
3781950 ; 1.0
3781951 ; 1.35
3781952 ; 15.97
3781954 ; 2.34
3781955 ; 1.21
3781956 ; 2.28
3781957 ; 2.83
3781959 ; 2.78
3781960 ; 3.03
3781961 ; 1.05
3781963 ; 1.64
3781964 ; 1.3
3781966 ; 1.8
3781967 ; 1.0
3781968 ; 1.22
3781969 ; 1.19
3781970 ; 2.24
3781971 ; 1.02
3781972 ; 2.17
3781973 ; 112.71
3781974 ; 6.87
3781975 ; 1.16
3781977 ; 1.43
3781980 ; 2.33
3781981 ; 1.04
3781982 ; 3.9
3781983 ; 9.64
3781984 ; 3.84
3781985 ; 1.0
3781987 ; 2.56
3781988 ; 5.11
3781989 ; 6.64
3781991 ; 2.09
3781993 ; 8.04
3781995 ; 5.04
3781996 ; 3.33
3781997 ; 1.0
3781998 ; 1.09
3782000 ; 1.0
3782001 ; 1.4
3782002 ; 1.52
3782003 ; 9.48
3782004 ; 2.19
3782005 ; 1.58
3782006 ; 2.63
3782007 ; 3.02
3782008 ; 1.38
3782009 ; 1.24
3782010 ; 1.23
3782011 ; 1.53
3782012 ; 1.09
3782013 ; 4.5
3782014 ; 2.0
3782015 ; 2.38
3782016 ; 1.11
3782017 ; 1.56
3782018 ; 5.37
3782019 ; 1.5
3782020 ; 1.27
3782021 ; 1.23
3782022 ; 1.0
3782023 ; 1.07
3782024 ; 1.96
3782025 ; 3.18
3782026 ; 4.38
3782027 ; 1.11
3782029 ; 1.0
3782030 ; 1.11
3782031 ; 3.82
3782032 ; 1.15
3782033 ; 1.0
3782034 ; 7.21
3782035 ; 1.0
3782036 ; 2.1
3782037 ; 3.26
3782038 ; 1.87
3782039 ; 4.32
3782040 ; 1.77
3782041 ; 1.38
3782042 ; 1.08
3782043 ; 3.7
3782044 ; 1.0
3782045 ; 10.55
3782046 ; 1.0
3782047 ; 1.89
3782048 ; 1.73
3782049 ; 1.82
3782050 ; 1.18
3782051 ; 2.24
3782052 ; 12.45
3782053 ; 4.25
3782055 ; 1.71
3782056 ; 2.01
3782057 ; 1.0
3782058 ; 2.12
3782059 ; 1.35
3782060 ; 2.21
3782061 ; 1.05
3782063 ; 2.88
3782064 ; 2.26
3782066 ; 1.12
3782069 ; 3.68
3782070 ; 11.15
3782071 ; 1.0
3782073 ; 2.45
3782074 ; 11.1
3782075 ; 2.64
3782076 ; 17.18
3782077 ; 3.99
3782078 ; 2.78
3782079 ; 1.75
3782080 ; 1.55
3782081 ; 1.06
3782082 ; 1.13
3782083 ; 1.0
3782084 ; 1.83
3782085 ; 3.31
3782086 ; 5.13
3782087 ; 1.06
3782088 ; 2.6
3782089 ; 1.81
3782091 ; 1.43
3782092 ; 1.69
3782093 ; 1.29
3782095 ; 1.67
3782096 ; 1.1
3782098 ; 1.32
3782099 ; 2.09
3782100 ; 61.38
3782101 ; 107.42
3782103 ; 6.37
3782104 ; 1.0
3782106 ; 4.22
3782107 ; 2.02
3782108 ; 1.0
3782111 ; 2.31
3782112 ; 1.0
3782113 ; 2.71
3782115 ; 18.87
3782116 ; 1.36
3782117 ; 1.66
3782118 ; 1.01
3782119 ; 9.09
3782120 ; 1.02
3782121 ; 1.11
3782122 ; 1.06
3782123 ; 2.8
3782124 ; 1.34
3782125 ; 4.91
3782126 ; 2.41
3782127 ; 3.72
3782130 ; 1.51
3782131 ; 1.28
3782132 ; 1.12
3782133 ; 2.7
3782135 ; 4.55
3782136 ; 1.99
3782137 ; 1.16
3782138 ; 1.9
3782139 ; 1.0
3782141 ; 12.14
3782142 ; 3.0
3782143 ; 1.02
3782145 ; 2.07
3782146 ; 1.1
3782147 ; 2.92
3782148 ; 71.42
3782149 ; 13.82
3782150 ; 1.48
3782151 ; 2.59
3782152 ; 51.14
3782153 ; 8.71
3782154 ; 5.16
3782155 ; 3.73
3782156 ; 1.17
3782158 ; 1.02
3782159 ; 1.36
3782160 ; 1.13
3782161 ; 2.4
3782162 ; 15.84
3782164 ; 1.71
3782165 ; 1.52
3782166 ; 1.0
3782168 ; 1.51
3782169 ; 1.0
3782170 ; 76.01
3782171 ; 5.32
3782172 ; 1.56
3782173 ; 15.62
3782174 ; 1.78
3782175 ; 2.27
3782176 ; 6.01
3782177 ; 50.82
3782178 ; 1.35
3782179 ; 9.95
3782180 ; 89.63
3782181 ; 2.91
3782182 ; 1.01
3782183 ; 1.46
3782184 ; 1.73
3782185 ; 1.04
3782186 ; 1.0
3782187 ; 2.89
3782189 ; 1.78
3782190 ; 1.24
3782191 ; 2.84
3782192 ; 1.12
3782193 ; 7.71
3782194 ; 1.58
3782195 ; 1.49
3782196 ; 1.71
3782197 ; 15.17
3782199 ; 1.38
3782200 ; 1.55
3782201 ; 10.47
3782202 ; 1.0
3782205 ; 1.66
3782206 ; 11.79
3782207 ; 1.87
3782208 ; 2.22
3782209 ; 2.65
3782210 ; 3.3
3782212 ; 1.0
3782213 ; 1.4
3782215 ; 1.14
3782217 ; 1.87
3782218 ; 1.0
3782219 ; 1.5
3782220 ; 1.0
3782221 ; 2.78
3782222 ; 1.0
3782224 ; 1.55
3782225 ; 1.31
3782226 ; 1.02
3782227 ; 6.08
3782228 ; 1.31
3782229 ; 3.75
3782230 ; 1.45
3782231 ; 1.62
3782233 ; 2.85
3782234 ; 1.26
3782236 ; 1.94
3782237 ; 1.26
3782238 ; 3.2
3782239 ; 1.25
3782240 ; 2.85
3782241 ; 1.44
3782242 ; 1.0
3782243 ; 2.29
3782244 ; 1.0
3782245 ; 1.01
3782246 ; 5.27
3782247 ; 1.07
3782248 ; 1.32
3782249 ; 1.0
3782250 ; 4.64
3782251 ; 5.18
3782252 ; 3.04
3782253 ; 1.55
3782255 ; 1.05
3782256 ; 2.34
3782257 ; 1.04
3782259 ; 2.26
3782261 ; 1.0
3782263 ; 2.17
3782264 ; 11.34
3782266 ; 2.63
3782267 ; 2.73
3782268 ; 2.01
3782269 ; 1.39
3782271 ; 1.07
3782272 ; 1.36
3782273 ; 1.73
3782274 ; 2.66
3782275 ; 6.78
3782276 ; 2.97
3782277 ; 1.24
3782279 ; 2.75
3782280 ; 3.47
3782281 ; 1.19
3782283 ; 10.61
3782284 ; 3.01
3782285 ; 3.9
3782286 ; 5.95
3782287 ; 1.83
3782288 ; 7.22
3782289 ; 2.76
3782290 ; 5.53
3782292 ; 2.25
3782293 ; 11.93
3782294 ; 1.05
3782295 ; 1.97
3782296 ; 2.9
3782298 ; 1.0
3782300 ; 1.47
3782301 ; 1.68
3782302 ; 10.97
3782303 ; 1.0
3782304 ; 6.98
3782305 ; 1.96
3782306 ; 46.47
3782307 ; 3.27
3782308 ; 1.25
3782309 ; 1.01
3782311 ; 1.18
3782312 ; 3.25
3782313 ; 1.43
3782314 ; 2.05
3782315 ; 1.84
3782316 ; 1.4
3782317 ; 1.31
3782318 ; 1.33
3782319 ; 1.53
3782320 ; 1.0
3782321 ; 1.2
3782322 ; 1.77
3782323 ; 1.55
3782324 ; 1.3
3782325 ; 1.38
3782328 ; 2.2
3782329 ; 4.1
3782330 ; 1.97
3782331 ; 1.73
3782332 ; 2.77
3782333 ; 3.68
3782335 ; 1.47
3782336 ; 1.63
3782337 ; 1.04
3782338 ; 1.77
3782339 ; 2.97
3782340 ; 1.0
3782341 ; 7.5
3782342 ; 3.07
3782343 ; 1.36
3782344 ; 1.12
3782346 ; 18.47
3782347 ; 1.45
3782348 ; 1.19
3782349 ; 1.02
3782350 ; 4.01
3782351 ; 1.57
3782352 ; 2.61
3782353 ; 1.35
3782354 ; 1.0
3782355 ; 1.13
3782356 ; 1.44
3782358 ; 1.58
3782359 ; 1.98
3782360 ; 1.74
3782361 ; 5.86
3782362 ; 1.0
3782363 ; 7.64
3782364 ; 1.08
3782365 ; 1.02
3782366 ; 1.0
3782367 ; 1.75
3782368 ; 1.55
3782369 ; 1.18
3782371 ; 1.6
3782372 ; 1.33
3782374 ; 1.18
3782375 ; 25.25
3782376 ; 1.0
3782377 ; 1.52
3782378 ; 2.16
3782381 ; 4.06
3782382 ; 1.95
3782383 ; 27.41
3782384 ; 1.85
3782385 ; 17.79
3782386 ; 1.18
3782387 ; 1.31
3782388 ; 1.24
3782389 ; 2.48
3782390 ; 2.8
3782391 ; 2.27
3782392 ; 4.26
3782393 ; 1.0
3782394 ; 2.22
3782395 ; 1.56
3782396 ; 1.79
3782397 ; 14.89
3782398 ; 1.33
3782399 ; 1.05
3782400 ; 4.31
3782401 ; 2.03
3782402 ; 2.62
3782403 ; 5.06
3782404 ; 13.51
3782406 ; 1.17
3782407 ; 8.1
3782408 ; 2.83
3782409 ; 1.01
3782410 ; 2.9
3782411 ; 15.31
3782412 ; 1.0
3782413 ; 1.58
3782414 ; 3.31
3782417 ; 2.07
3782418 ; 1.08
3782419 ; 2.47
3782420 ; 1.0
3782421 ; 2.9
3782422 ; 1.06
3782423 ; 1.57
3782424 ; 1.0
3782425 ; 1.35
3782426 ; 3.81
3782427 ; 1.18
3782428 ; 7.09
3782429 ; 1.68
3782430 ; 1.57
3782431 ; 21.92
3782432 ; 1.16
3782433 ; 1.0
3782435 ; 1.87
3782436 ; 1.61
3782437 ; 1.31
3782438 ; 2.85
3782439 ; 3.09
3782440 ; 1.01
3782441 ; 31.1
3782442 ; 2.26
3782443 ; 1.69
3782444 ; 1.2
3782445 ; 1.44
3782446 ; 2.86
3782447 ; 2.13
3782448 ; 3.47
3782449 ; 1.02
3782450 ; 1.0
3782451 ; 2.36
3782452 ; 1.13
3782453 ; 2.07
3782454 ; 3.55
3782455 ; 1.0
3782456 ; 1.89
3782457 ; 2.01
3782458 ; 6.01
3782459 ; 1.67
3782460 ; 1.02
3782461 ; 1.31
3782463 ; 1.17
3782464 ; 1.15
3782465 ; 1.16
3782466 ; 2.64
3782467 ; 3.72
3782469 ; 2.13
3782470 ; 6.75
3782471 ; 1.16
3782472 ; 3.15
3782473 ; 19.48
3782474 ; 3.4
3782475 ; 4.24
3782476 ; 3.2
3782477 ; 1.33
3782478 ; 1.62
3782479 ; 87.33
3782480 ; 1.0
3782481 ; 1.9
3782482 ; 1.3
3782483 ; 7.25
3782484 ; 1.26
3782485 ; 1.06
3782486 ; 1.95
3782487 ; 2.2
3782488 ; 4.27
3782489 ; 3.15
3782491 ; 1.86
3782492 ; 1.1
3782493 ; 1.13
3782494 ; 2.09
3782495 ; 1.28
3782497 ; 6.83
3782499 ; 1.47
3782500 ; 3.46
3782501 ; 1.0
3782503 ; 1.68
3782504 ; 1.17
3782505 ; 1.6
3782506 ; 2.22
3782507 ; 1.91
3782508 ; 7.32
3782509 ; 1.1
3782510 ; 1.0
3782511 ; 1.12
3782512 ; 1.0
3782513 ; 1.68
3782514 ; 1.0
3782515 ; 23.69
3782516 ; 2.36
3782517 ; 3.78
3782519 ; 1.0
3782520 ; 1.49
3782521 ; 1.13
3782522 ; 1.01
3782524 ; 1.0
3782525 ; 2.56
3782526 ; 1.08
3782527 ; 1.62
3782528 ; 1.13
3782529 ; 1.37
3782530 ; 3.39
3782531 ; 2.44
3782532 ; 1.05
3782533 ; 1.27
3782535 ; 6.13
3782536 ; 1.75
3782539 ; 1.04
3782540 ; 2.11
3782541 ; 4.37
3782542 ; 1.86
3782543 ; 2.56
3782544 ; 1.87
3782545 ; 2.07
3782546 ; 1.0
3782547 ; 1.01
3782549 ; 13.12
3782550 ; 2.04
3782551 ; 1.48
3782552 ; 5.08
3782553 ; 1.08
3782554 ; 1.0
3782555 ; 2.29
3782556 ; 9.72
3782557 ; 2.27
3782558 ; 10.42
3782560 ; 1.45
3782561 ; 1.0
3782562 ; 6.56
3782563 ; 22.13
3782564 ; 5.15
3782566 ; 4.02
3782567 ; 6.19
3782568 ; 1.22
3782569 ; 1.1
3782570 ; 1.28
3782571 ; 1.36
3782572 ; 1.37
3782573 ; 1.17
3782574 ; 1.0
3782575 ; 25.96
3782576 ; 2.14
3782578 ; 1.25
3782579 ; 1.7
3782580 ; 1.12
3782581 ; 2.58
3782582 ; 1.03
3782583 ; 1.48
3782584 ; 1.86
3782585 ; 8.81
3782586 ; 1.37
3782587 ; 2.57
3782588 ; 2.22
3782589 ; 1.1
3782590 ; 1.79
3782591 ; 3.26
3782592 ; 1.62
3782593 ; 9.54
3782594 ; 1.34
3782595 ; 1.47
3782596 ; 3.88
3782597 ; 1.91
3782598 ; 2.19
3782601 ; 1.34
3782603 ; 3.13
3782604 ; 5.9
3782605 ; 1.0
3782606 ; 2.31
3782607 ; 1.01
3782608 ; 26.2
3782609 ; 2.23
3782610 ; 3.18
3782611 ; 8.48
3782612 ; 4.34
3782613 ; 1.39
3782614 ; 1.0
3782615 ; 1.75
3782616 ; 2.06
3782617 ; 1.0
3782618 ; 1.28
3782619 ; 1.0
3782620 ; 1.36
3782621 ; 1.38
3782622 ; 1.0
3782623 ; 9.94
3782625 ; 1.55
3782626 ; 1.57
3782627 ; 1.0
3782628 ; 1.67
3782629 ; 1.69
3782630 ; 1.08
3782632 ; 1.0
3782633 ; 1.96
3782634 ; 1.78
3782635 ; 2.32
3782636 ; 1.0
3782637 ; 1.08
3782638 ; 1.0
3782639 ; 1.13
3782640 ; 2.66
3782641 ; 7.23
3782642 ; 1.0
3782643 ; 6.16
3782644 ; 1.0
3782645 ; 19.72
3782646 ; 3.26
3782647 ; 1.0
3782648 ; 7.35
3782649 ; 1.53
3782650 ; 42.26
3782651 ; 2.11
3783027 ; 2.45
3783028 ; 3.05
3783029 ; 3.15
3783030 ; 1.61
3783031 ; 12.01
3783032 ; 1.07
3783033 ; 3.3
3783034 ; 2.87
3783035 ; 1.43
3783036 ; 5.48
3783036 ; 5.48
3783037 ; 3.12
3783038 ; 7.33
3783039 ; 1.31
3783040 ; 1.17
3783041 ; 2.65
3783042 ; 1.19
3783043 ; 1.02
3783043 ; 1.02
3783044 ; 7.81
3783045 ; 2.17
3783046 ; 1.05
3783047 ; 2.67
3783048 ; 7.48
3783049 ; 1.0
3783050 ; 1.5
3783051 ; 1.24
3783052 ; 1.36
3783053 ; 2.14
3783054 ; 3.23
3783055 ; 2.6
3783056 ; 2.13
3783057 ; 2.86
3783058 ; 3.82
3783059 ; 1.87
3783060 ; 1.01
3783061 ; 2.14
3783062 ; 1.08
3783063 ; 2.27
3783064 ; 1.16
3783066 ; 1.44
3783067 ; 31.27
3783068 ; 2.12
3783069 ; 2.26
3783070 ; 1.08
3783072 ; 1.86
3783073 ; 1.18
3783074 ; 1.06
3783075 ; 1.12
3783076 ; 9.9
3783077 ; 1.39
3783078 ; 1.72
3783079 ; 1.54
3783080 ; 1.29
3783082 ; 1.79
3783083 ; 1.84
3783084 ; 1.14
3783085 ; 2.72
3783086 ; 1.37
3783087 ; 2.19
3783089 ; 4.04
3783090 ; 3.62
3783091 ; 1.1
3783092 ; 10.09
3783093 ; 49.94
3783094 ; 63.48
3783095 ; 1.67
3783096 ; 5.78
3783097 ; 7.96
3783098 ; 3.07
3783099 ; 3.11
3783100 ; 2.2
3783101 ; 1.93
3783102 ; 6.18
3783103 ; 13.99
3783104 ; 2.64
3783105 ; 2.81
3783106 ; 1.03
3783107 ; 1.35
3783108 ; 2.04
3783109 ; 2.35
3783110 ; 1.38
3783111 ; 7.0
3783112 ; 1.1
3783113 ; 1.57
3783114 ; 2.67
3783115 ; 4.61
3783116 ; 1.55
3783117 ; 4.57
3783118 ; 1.54
3783119 ; 2.71
3783120 ; 7.56
3783121 ; 1.86
3783122 ; 6.69
3783123 ; 1.58
3783124 ; 2.19
3783125 ; 14.9
3783126 ; 1.0
3783127 ; 2.02
3783128 ; 2.74
3783129 ; 7.99
3783130 ; 1.24
3783131 ; 1.74
3783132 ; 10.12
3783133 ; 1.98
3783135 ; 1.2
3783136 ; 3.11
3783137 ; 2.33
3783138 ; 1.22
3783139 ; 1.01
3783140 ; 3.24
3783141 ; 1.45
3783142 ; 2.64
3783143 ; 1.0
3783144 ; 1.25
3783145 ; 1.31
3783146 ; 1.12
3783147 ; 1.79
3783148 ; 6.83
3783149 ; 1.54
3783150 ; 2.46
3783151 ; 1.0
3783152 ; 3.02
3783153 ; 1.03
3783154 ; 1.0
3783155 ; 2.27
3783157 ; 2.58
3783158 ; 1.21
3783159 ; 1.48
3783160 ; 1.0
3783161 ; 2.48
3783162 ; 1.51
3783163 ; 1.05
3783164 ; 6.61
3783165 ; 1.0
3783166 ; 2.39
3783167 ; 1.88
3783168 ; 3.83
3783169 ; 1.28
3783170 ; 13.3
3783171 ; 1.0
3783173 ; 3.44
3783174 ; 1.0
3783176 ; 4.08
3783177 ; 2.1
3783178 ; 1.44
3783179 ; 1.84
3783180 ; 1.24
3783181 ; 1.02
3783182 ; 25.49
3783183 ; 1.58
3783184 ; 1.31
3783185 ; 1.0
3783186 ; 3.54
3783188 ; 1.65
3783189 ; 1.04
3783191 ; 1.81
3783192 ; 1.45
3783193 ; 1.0
3783195 ; 54.42
3783196 ; 1.04
3783197 ; 1.87
3783198 ; 1.0
3783199 ; 1.3
3783201 ; 2.81
3783202 ; 2.62
3783203 ; 1.17
3783204 ; 1.06
3783205 ; 1.22
3783206 ; 1.19
3783207 ; 4.38
3783208 ; 2.31
3783210 ; 1.0
3783211 ; 4.67
3783212 ; 1.03
3783213 ; 2.14
3783214 ; 7.92
3783215 ; 7.72
3783216 ; 2.6
3783218 ; 1.0
3783219 ; 2.44
3783221 ; 1.14
3783222 ; 4.34
3783223 ; 1.83
3783224 ; 120.09
3783225 ; 1.65
3783226 ; 1.87
3783227 ; 35.13
3783228 ; 2.79
3783229 ; 1.13
3783231 ; 2.65
3783232 ; 1.0
3783233 ; 1.03
3783234 ; 1.65
3783235 ; 1.11
3783236 ; 2.51
3783237 ; 4.13
3783238 ; 8.0
3783239 ; 2.62
3783240 ; 1.18
3783242 ; 1.54
3783243 ; 1.14
3783244 ; 2.76
3783245 ; 5.64
3783246 ; 1.01
3783247 ; 3.45
3783248 ; 1.1
3783249 ; 8.74
3783250 ; 1.39
3783251 ; 3.58
3783253 ; 62.35
3783266 ; 1.35
3783268 ; 3.1
3783269 ; 1.29
3783271 ; 1.16
3783272 ; 2.38
3783274 ; 1.85
3783276 ; 56.25
3783277 ; 2.3
3783278 ; 4.69
3783279 ; 1.8
3783280 ; 15.19
3783281 ; 1.91
3783282 ; 1.03
3783283 ; 1.21
3783284 ; 3.19
3783286 ; 5.91
3783287 ; 1.37
3783288 ; 1.0
3783289 ; 8.21
3783290 ; 1.0
3783291 ; 1.75
3783292 ; 32.21
3783294 ; 1.4
3783295 ; 1.0
3783296 ; 2.76
3783297 ; 1.0
3783299 ; 1.23
3783300 ; 1.17
3783301 ; 1.0
3783302 ; 1.93
3783303 ; 1.0
3783304 ; 1.81
3783305 ; 1.0
3783306 ; 1.36
3783307 ; 1.17
3783308 ; 11.14
3783309 ; 1.1
3783310 ; 4.89
3783311 ; 1.42
3783312 ; 4.42
3783313 ; 2.8
3783314 ; 3.22
3783315 ; 1.68
3783316 ; 2.03
3783317 ; 2.36
3783318 ; 1.16
3783319 ; 1.34
3783323 ; 1.37
3783324 ; 1.64
3783325 ; 2.07
3783326 ; 27.3
3783328 ; 2.09
3783329 ; 1.0
3783330 ; 1.73
3783331 ; 1.0
3783332 ; 1.83
3783333 ; 2.57
3783334 ; 2.34
3783336 ; 2.13
3783337 ; 1.42
3783338 ; 3.37
3783339 ; 1.62
3783340 ; 1.29
3783341 ; 1.4
3783342 ; 7.43
3783343 ; 2.42
3783344 ; 2.37
3783345 ; 1.35
3783346 ; 3.0
3783347 ; 3.39
3783348 ; 1.24
3783349 ; 1.08
3783350 ; 2.06
3783351 ; 1.58
3783352 ; 1.0
3783353 ; 1.29
3783354 ; 45.97
3783355 ; 1.72
3783356 ; 2.26
3783359 ; 1.19
3783360 ; 1.38
3783362 ; 1.11
3783363 ; 1.28
3783364 ; 3.74
3783365 ; 1.34
3783366 ; 45.59
3783369 ; 1.31
3783370 ; 2.02
3783371 ; 6.26
3783372 ; 1.66
3783374 ; 1.0
3783375 ; 1.64
3783376 ; 2.65
3783377 ; 2.81
3783379 ; 1.36
3783380 ; 1.0
3783381 ; 3.16
3783382 ; 1.47
3783383 ; 2.36
3783384 ; 1.03
3783385 ; 2.39
3783386 ; 4.26
3783387 ; 3.39
3783389 ; 1.0
3783390 ; 1.64
3783391 ; 2.76
3783392 ; 1.09
3783393 ; 1.51
3783394 ; 2.56
3783395 ; 1.79
3783396 ; 1.83
3783397 ; 7.57
3783398 ; 2.62
3783399 ; 4.08
3783400 ; 6.15
3783401 ; 1.1
3783402 ; 2.73
3783403 ; 1.05
3783404 ; 1.56
3783405 ; 3.19
3783406 ; 2.56
3783407 ; 1.03
3783408 ; 1.01
3783409 ; 1.68
3783410 ; 1.56
3783411 ; 1.03
3783412 ; 2.77
3783413 ; 2.09
3783414 ; 1.0
3783415 ; 1.49
3783416 ; 1.25
3783417 ; 12.01
3783418 ; 2.82
3783419 ; 3.61
3783420 ; 1.87
3783421 ; 1.86
3783423 ; 1.0
3783424 ; 1.54
3783425 ; 1.0
3783427 ; 3.54
3783428 ; 2.47
3783429 ; 2.73
3783430 ; 2.27
3783431 ; 1.33
3783432 ; 2.59
3783433 ; 2.33
3783434 ; 6.51
3783435 ; 12.19
3783436 ; 1.0
3783437 ; 63.62
3783438 ; 4.87
3783439 ; 1.94
3783440 ; 1.23
3783441 ; 1.0
3783442 ; 1.25
3783443 ; 1.0
3783444 ; 1.97
3783445 ; 1.41
3783446 ; 3.62
3783447 ; 1.07
3783449 ; 101.8
3783450 ; 3.36
3783451 ; 12.15
3783452 ; 1.15
3783454 ; 1.07
3783455 ; 5.81
3783456 ; 2.48
3783457 ; 3.89
3783458 ; 1.12
3783459 ; 1.0
3783460 ; 1.4
3783461 ; 1.35
3783462 ; 4.21
3783463 ; 1.09
3783464 ; 6.96
3783465 ; 1.97
3783466 ; 2.34
3783467 ; 1.0
3783468 ; 5.76
3783469 ; 1.49
3783470 ; 1.0
3783471 ; 2.98
3783472 ; 1.13
3783473 ; 3.2
3783474 ; 1.0
3783475 ; 1.48
3783476 ; 1.16
3783477 ; 1.44
3783478 ; 1.0
3783479 ; 1.78
3783480 ; 1.08
3783481 ; 5.4
3783483 ; 2.41
3783484 ; 9.17
3783485 ; 26.14
3783486 ; 1.3
3783487 ; 1.04
3783488 ; 192.97
3783489 ; 2.68
3783491 ; 1.35
3783492 ; 2.21
3783493 ; 1.0
3783495 ; 1.62
3783497 ; 3.62
3783499 ; 1.54
3783500 ; 2.16
3783501 ; 1.69
3783502 ; 3.67
3783503 ; 3.1
3783504 ; 1.23
3783505 ; 2.49
3783507 ; 2.52
3783508 ; 1.33
3783509 ; 1.39
3783510 ; 2.73
3783511 ; 1.82
3783512 ; 2.76
3783513 ; 1.0
3783515 ; 1.6
3783516 ; 1.09
3783517 ; 19.97
3783518 ; 3.09
3783519 ; 1.68
3783520 ; 1.0
3783523 ; 1.17
3783524 ; 6.63
3783525 ; 1.18
3783527 ; 1.42
3783528 ; 1.0
3783529 ; 1.21
3783531 ; 1.5
3783532 ; 1.98
3783533 ; 1.07
3783535 ; 1.0
3783536 ; 1.33
3783537 ; 1.41
3783539 ; 2.5
3783541 ; 4.99
3783542 ; 5.99
3783543 ; 1.59
3783544 ; 1.57
3783545 ; 1.1
3783546 ; 1.6
3783547 ; 3.81
3783548 ; 1.81
3783549 ; 53.95
3783550 ; 12.46
3783551 ; 1.33
3783552 ; 3.31
3783553 ; 1.59
3783554 ; 2.69
3783555 ; 1.34
3783556 ; 2.24
3783558 ; 1.88
3783560 ; 37.9
3783561 ; 7.77
3783562 ; 7.18
3783563 ; 1.35
3783564 ; 6.68
3783565 ; 1.05
3783568 ; 9.22
3783569 ; 1.67
3783570 ; 1.08
3783571 ; 1.04
3783572 ; 1.36
3783573 ; 1.47
3783574 ; 3.08
3783575 ; 1.0
3783578 ; 1.06
3783579 ; 2.21
3783580 ; 1.66
3783581 ; 1.02
3783582 ; 3.99
3783583 ; 1.12
3783584 ; 1.3
3783586 ; 1.15
3783587 ; 1.03
3783589 ; 2.79
3783590 ; 2.75
3783592 ; 1.1
3783593 ; 1.34
3783594 ; 1.01
3783595 ; 1.0
3783597 ; 2.7
3783598 ; 1.16
3783599 ; 1.28
3783600 ; 2.49
3783601 ; 2.55
3783604 ; 1.3
3783605 ; 3.09
3783606 ; 1.42
3783607 ; 1.39
3783609 ; 2.22
3783610 ; 1.0
3783611 ; 17.44
3783676 ; 1.0
3783677 ; 1.0
3783679 ; 1.29
3783680 ; 2.06
3783681 ; 10.02
3783682 ; 2.2
3783683 ; 1.0
3783684 ; 1.86
3783685 ; 2.02
3783686 ; 1.0
3783687 ; 2.37
3783688 ; 2.59
3783689 ; 4.16
3783690 ; 1.28
3783691 ; 2.76
3783692 ; 1.49
3783693 ; 1.0
3783694 ; 1.34
3783695 ; 1.36
3783696 ; 2.59
3783697 ; 2.23
3783698 ; 1.13
3783699 ; 1.37
3783700 ; 1.17
3783701 ; 1.21
3783702 ; 1.01
3783703 ; 1.0
3783704 ; 1.01
3783705 ; 15.39
3783706 ; 52.58
3783707 ; 1.67
3783708 ; 1.73
3783709 ; 1.95
3783710 ; 3.2
3783711 ; 4.64
3783712 ; 1.53
3783713 ; 1.0
3783714 ; 8.09
3783715 ; 5.03
3783716 ; 1.53
3783717 ; 2.73
3783718 ; 2.49
3783719 ; 7.55
3783720 ; 1.14
3783721 ; 45.24
3783722 ; 2.02
3783723 ; 2.81
3783724 ; 1.2
3783725 ; 1.05
3783727 ; 2.94
3783728 ; 2.14
3783729 ; 3.36
3783730 ; 3.43
3783731 ; 4.58
3783732 ; 1.12
3783733 ; 2.11
3783734 ; 4.23
3783735 ; 4.09
3783736 ; 1.0
3783737 ; 16.11
3783738 ; 1.0
3783739 ; 3.04
3783740 ; 1.27
3783741 ; 1.29
3783742 ; 10.51
3783743 ; 1.2
3783744 ; 2.24
3783745 ; 2.9
3783747 ; 1.72
3783748 ; 6.07
3783749 ; 1.15
3783750 ; 1.04
3783751 ; 4.65
3783752 ; 1.93
3783753 ; 13.62
3783754 ; 2.17
3783755 ; 3.93
3783756 ; 1.57
3783757 ; 2.8
3783759 ; 1.11
3783760 ; 1.05
3783761 ; 2.96
3783762 ; 8.14
3783763 ; 1.9
3783765 ; 1.73
3783766 ; 1.39
3783767 ; 1.21
3783768 ; 9.8
3783769 ; 2.19
3783770 ; 1.28
3783773 ; 10.47
3783774 ; 1.48
3783775 ; 2.77
3783776 ; 2.9
3783778 ; 1.31
3783779 ; 1.14
3783780 ; 1.77
3783781 ; 3.05
3783782 ; 1.0
3783783 ; 2.43
3783784 ; 1.22
3783785 ; 1.13
3783787 ; 1.27
3783788 ; 3.45
3783789 ; 4.38
3783791 ; 5.56
3783792 ; 1.81
3783793 ; 1.01
3783794 ; 2.46
3783795 ; 7.75
3783796 ; 1.37
3783797 ; 1.21
3783798 ; 1.59
3783799 ; 7.39
3783800 ; 1.11
3783801 ; 1.34
3783802 ; 1.66
3783803 ; 2.29
3783806 ; 1.72
3783807 ; 2.97
3783808 ; 3.79
3783809 ; 1.0
3783810 ; 1.41
3783811 ; 3.5
3783812 ; 3.68
3783813 ; 3.44
3783814 ; 1.15
3783815 ; 1.42
3783816 ; 1.01
3783817 ; 3.02
3783818 ; 1.16
3783819 ; 1.0
3783820 ; 1.26
3783821 ; 2.17
3783822 ; 1.03
3783823 ; 1.69
3783824 ; 1.73
3783825 ; 1.81
3783826 ; 2.17
3783827 ; 1.51
3783828 ; 3.17
3783829 ; 2.15
3783830 ; 1.66
3783831 ; 1.67
3783832 ; 1.46
3783834 ; 1.95
3783835 ; 8.65
3783836 ; 2.64
3783837 ; 1.0
3783838 ; 2.03
3783839 ; 2.37
3783840 ; 1.16
3783841 ; 1.1
3783842 ; 1.51
3783843 ; 2.13
3783844 ; 1.36
3783845 ; 1.32
3783846 ; 1.0
3783848 ; 14.72
3783849 ; 1.67
3783851 ; 2.73
3783853 ; 1.0
3783854 ; 2.86
3783855 ; 3.43
3783856 ; 3.78
3783857 ; 8.07
3783858 ; 2.93
3783860 ; 7.76
3783861 ; 1.0
3783864 ; 2.28
3783865 ; 1.25
3783866 ; 2.56
3783868 ; 1.06
3783869 ; 1.09
3783870 ; 1.12
3783871 ; 3.05
3783872 ; 1.86
3783873 ; 1.0
3783874 ; 1.79
3783875 ; 2.22
3783876 ; 1.09
3783877 ; 2.42
3783878 ; 3.06
3783879 ; 1.46
3783880 ; 1.05
3783881 ; 7.79
3783882 ; 14.77
3783884 ; 1.36
3783885 ; 1.0
